{"cameraMode":{"drawMode":0,"name":"Shaded","section":"Shading Mode"},"sceneLighting":true,"audioPlay":false,"sceneViewState":{"m_AlwaysRefresh":false,"showFog":true,"showSkybox":true,"showFlares":true,"showImageEffects":true,"showParticleSystems":true,"showVisualEffectGraphs":true,"m_FxEnabled":true},"in2DMode":false,"pivot":{"x":-16.970176696777345,"y":3.3237364292144777,"z":-2.336172580718994},"rotation":{"x":0.3626779019832611,"y":-0.0699135959148407,"z":0.029295464977622033,"w":0.9290931224822998},"size":0.5483662486076355,"orthographic":false}