{"cameraMode":{"drawMode":0,"name":"Shaded","section":"Shading Mode"},"sceneLighting":true,"audioPlay":false,"sceneViewState":{"m_AlwaysRefresh":false,"showFog":true,"showSkybox":true,"showFlares":true,"showImageEffects":true,"showParticleSystems":true,"showVisualEffectGraphs":true,"m_FxEnabled":true},"in2DMode":false,"pivot":{"x":-2.590312957763672,"y":0.19078850746154786,"z":-8.112993240356446},"rotation":{"x":0.07298580557107926,"y":0.9129366874694824,"z":-0.3549453616142273,"w":0.18772540986537934},"size":3.2478437423706056,"orthographic":false}